{
  "version": "1.1.0",
  "diagrams": [
    {
      "ordinal": 0,
      "scrollPosition": {
        "x": 0,
        "y": 158.02632342554966
      },
      "nodes": [
        {
          "location": {
            "x": 842,
            "y": 432.48779296875
          },
          "nodeIndex": "IMDB-Movie-Data",
          "nodeLineageTag": "c18443f5-f1d7-48a5-a733-1512afd7869f",
          "size": {
            "height": 300,
            "width": 234
          },
          "zIndex": 0
        },
        {
          "location": {
            "x": 294,
            "y": 508.48779296875
          },
          "nodeIndex": "Directors",
          "nodeLineageTag": "3a1a4a5c-a7a8-4900-a0b0-15ea4559e2d5",
          "size": {
            "height": 128,
            "width": 234
          },
          "zIndex": 0
        },
        {
          "location": {
            "x": 10,
            "y": 508.48779296875
          },
          "nodeIndex": "Genre",
          "nodeLineageTag": "24cbeb3f-38a6-45a9-b16a-e5fbb8735338",
          "size": {
            "height": 128,
            "width": 234
          },
          "zIndex": 0
        },
        {
          "location": {
            "x": 568,
            "y": 530.48779296875
          },
          "nodeIndex": "Year",
          "nodeLineageTag": "af059ed9-8d5a-4c82-9480-142702350b00",
          "size": {
            "height": 104,
            "width": 234
          },
          "zIndex": 0
        },
        {
          "location": {
            "x": 0,
            "y": 812.91706290667253
          },
          "nodeIndex": "Movie",
          "nodeLineageTag": "1e092eb7-a1fb-4a07-8a73-8f0681cc3724",
          "size": {
            "height": 200,
            "width": 234
          },
          "zIndex": 0
        },
        {
          "location": {
            "x": 339.57435834210855,
            "y": 806.35234869679152
          },
          "nodeIndex": "Top 10 Movies",
          "nodeLineageTag": "4b0f0d27-70bb-4aaa-a0f8-33d0f0f2beae",
          "size": {
            "height": 200,
            "width": 234
          },
          "zIndex": 0
        },
        {
          "location": {
            "x": 630.14258612851063,
            "y": 832.42515871231524
          },
          "nodeIndex": "Bottom 10 Movies",
          "nodeLineageTag": "d840681a-61a9-4fbf-a2b9-08945944ff16",
          "size": {
            "height": 200,
            "width": 234
          },
          "zIndex": 0
        },
        {
          "location": {
            "x": 901.40079572080242,
            "y": 805.9740638073979
          },
          "nodeIndex": "Top Directors By Movie Count",
          "nodeLineageTag": "0cdfeb3d-5cb8-4a4d-a452-ed17a19db3b3",
          "size": {
            "height": 200,
            "width": 234
          },
          "zIndex": 0
        }
      ],
      "name": "All tables",
      "zoomValue": 40.706801456218649,
      "pinKeyFieldsToTop": false,
      "showExtraHeaderInfo": false,
      "hideKeyFieldsWhenCollapsed": false,
      "tablesLocked": false
    }
  ],
  "selectedDiagram": "All tables",
  "defaultDiagram": "All tables"
}